name,address,city,state,category,mappable address
Albuquerque Academy,6400 Wyoming Boulevard Northeast,Albuquerque,NM,Investor,6400 Wyoming Boulevard Northeast Albuquerque NM
Albuquerque Community Foundation,P.O. Box 25266,Albuquerque,NM,Investor,P.O. Box 25266 Albuquerque NM
Alcatel-Lucent Pension Fund,600 Mountain Avenue,Murray Hill,NJ,Investor,600 Mountain Avenue Murray Hill NJ
Alcoa Corporate Pension,201 Isabella Street,Pittsburgh,PA,Investor,201 Isabella Street Pittsburgh PA
Alcoa Foundation,201 Isabella Street,Pittsburgh,PA,Investor,201 Isabella Street Pittsburgh PA
Alexander and Margaret Stewart Trust,"888 Seventeenth Street, Northwest",Washington,DC,Investor,"888 Seventeenth Street, Northwest Washington DC"
Alexandria City Firefighters' & Police Officers' Retirement System,301 King Street,Alexandria,VA,Investor,301 King Street Alexandria VA
Alfred I. duPont Testamentary Trust,510 Alfred duPont Place,Jacksonville,FL,Investor,510 Alfred duPont Place Jacksonville FL
Agent Capital,204 Drakes Drum Drive,Bryn Mawr,PA,PE Firm,204 Drakes Drum Drive Bryn Mawr PA
AGI Partners,5th Floor,New York,NY,PE Firm,5th Floor New York NY
Agile VC,414 Brannan St,San Francisco,CA,PE Firm,414 Brannan St San Francisco CA
Agilic Capital,2 Greenwich Office Park,Greenwich,CT,PE Firm,2 Greenwich Office Park Greenwich CT
Agility Capital,812 Anacapa Street,Santa Barbara,CA,PE Firm,812 Anacapa Street Santa Barbara CA
Agility Ventures,"101 E. Gurley St., Suite 202",Prescott,AZ,PE Firm,"101 E. Gurley St., Suite 202 Prescott AZ"
Agincourt Capital Partners,"590 Madison Avenue, 21st Floor",New York,NY,PE Firm,"590 Madison Avenue, 21st Floor New York NY"
AgIS Capital,745 Boylston Street,Boston,MA,PE Firm,745 Boylston Street Boston MA
AgLaunch Accelerator,20 South Dudley,Memphis,TN,PE Firm,20 South Dudley Memphis TN
Annandale Capital,"325 N, St Paul Street",Dallas,TX,Investor,"325 N, St Paul Street Dallas TX"
Anne Arundel County Retirement and Pension System,2660 Riva Road,Annapolis,MD,Investor,2660 Riva Road Annapolis MD
Anne Ray Charitable Trust,6889 Rowland Road,Eden Prairie,MN,Investor,6889 Rowland Road Eden Prairie MN
Annenberg Foundation,2000 Avenue of the Stars,Los Angeles,CA,Investor,2000 Avenue of the Stars Los Angeles CA
Annie E. Casey Foundation,701 St. Paul Street,Baltimore,MD,Investor,701 St. Paul Street Baltimore MD
Anschutz Family Foundation,555 Seventeenth Street,Denver,CO,Investor,555 Seventeenth Street Denver CO
Antelope Company,555 Seventeenth Street,Denver,CO,Investor,555 Seventeenth Street Denver CO
Anthem,120 Monument Circle,Indianapolis,IN,Investor,120 Monument Circle Indianapolis IN
Anthem Master Trust,120 Monument Circle,Indianapolis,IN,Investor,120 Monument Circle Indianapolis IN
Anverse,406 Old Mill Road,Cartersville,GA,Investor,406 Old Mill Road Cartersville GA
Appalachian Mountain Club,5 Joy Street,Boston,MA,Investor,5 Joy Street Boston MA
Arapahoe County Pension Plan,6984 S. Lima Street,Centennial,CO,Investor,6984 S. Lima Street Centennial CO
ArcelorMittal US Pension Plan,One South Dearborn,Chicago,IL,Investor,One South Dearborn Chicago IL
Arch Capital Services,360 Hamilton Ave. Suite 600,New York,NY,Investor,360 Hamilton Ave. Suite 600 New York NY
Archdiocese of Chicago,835 North Rush Street,Chicago,IL,Investor,835 North Rush Street Chicago IL
Arcus Foundation,44 West 28th Street 17th floor,New York,NY,Investor,44 West 28th Street 17th floor New York NY
Argent Wealth Management,404 Wyman Street,Waltham,MA,Investor,404 Wyman Street Waltham MA
Argos Partners,7733 Forsyth Blvd.,St. Louis,MO,Investor,7733 Forsyth Blvd. St. Louis MO
Argos Wealth Advisors,4900 Redwood Road,Napa,CA,Investor,4900 Redwood Road Napa CA
Ariston Services Group,"Symphony Towers, 750 B Street",San Diego,CA,Investor,"Symphony Towers, 750 B Street San Diego CA"
Arizona Community Foundation,2201 East Camelback Road,Phoenix,AZ,Investor,2201 East Camelback Road Phoenix AZ
Arizona Public Safety Personnel Retirement System,3010 E Camelback Road,Phoenix,AZ,Investor,3010 E Camelback Road Phoenix AZ
Arizona State Retirement System,3300 North Central Avenue,Phoenix,AZ,Investor,3300 North Central Avenue Phoenix AZ
Arizona State University Foundation,ASU Fulton Center,Tempe,AZ,Investor,ASU Fulton Center Tempe AZ
Arlington Contributory Retirement Board,27 Maple Street,Arlington,MA,Investor,27 Maple Street Arlington MA
Arlington County Employees' Retirement System,2100 Clarendon Boulevard,Arlington,VA,Investor,2100 Clarendon Boulevard Arlington VA
Arlington Family Offices,2000 Morris Avenue,Birmingham,AL,Investor,2000 Morris Avenue Birmingham AL
Armonia,73 Arch Street,Greenwich,CT,Investor,73 Arch Street Greenwich CT
Armstrong Group,2125 Louisiana Blvd,Albuquerque,NM,Investor,2125 Louisiana Blvd Albuquerque NM
Armstrong World Industries Retirement Savings Plan,"2500 Columbia Avenue, P.O. Box 3001",Lancaster,PA,Investor,"2500 Columbia Avenue, P.O. Box 3001 Lancaster PA"
Army & Air Force Exchange Service Pension Fund,3911 South Walton Walker Boulevard,Dallas,TX,Investor,3911 South Walton Walker Boulevard Dallas TX
Arnold & Mabel Beckman Foundation,100 Academy,Irvine,CA,Investor,100 Academy Irvine CA
Arrivato LLC,6700 Overlook Court,Allentown,PA,Investor,6700 Overlook Court Allentown PA
Arrowpoint Capital,Whitehall Corporate Center 3,Charlotte,NC,Investor,Whitehall Corporate Center 3 Charlotte NC
Art Institute of Chicago,111 South Michigan Avenue,Chicago,IL,Investor,111 South Michigan Avenue Chicago IL
Arthur S. DeMoss Foundation,777 South Flagler Drive,West Palm Beach,FL,Investor,777 South Flagler Drive West Palm Beach FL
ArtsWave Endowment,20 East Central Parkway,Cincinnati,OH,Investor,20 East Central Parkway Cincinnati OH
Ascend Capital,,Philadelphia,PA,Investor,Philadelphia PA
Ascension Health Master Pension Trust,11775 Borman Drive,St. Louis,MO,Investor,11775 Borman Drive St. Louis MO
Ascent Private Capital Management,1 California Street,San Francisco,CA,Investor,1 California Street San Francisco CA
Ascraeus Capital,535 Madison Ave,New York,NY,Investor,535 Madison Ave New York NY
Ashford Advisors,30b Grove Street,Pittsford,NY,Investor,30b Grove Street Pittsford NY
Ashoka,1700 North Moore Street,Arlington,VA,Investor,1700 North Moore Street Arlington VA
Ashton Thomas Private Wealth,7154 East Stetson Drive,Scottsdale,AZ,Investor,7154 East Stetson Drive Scottsdale AZ
Asia Society,725 Park Avenue,New York,NY,Investor,725 Park Avenue New York NY
Aslan Foundation,4800 Old Kingston Pike No. 100,Knoxville,TN,Investor,4800 Old Kingston Pike No. 100 Knoxville TN
Aspen Grove Capital,"90 Benchmark Rd, Suite 201",Avon,CO,Investor,"90 Benchmark Rd, Suite 201 Avon CO"
Aspire VC,1420 Hunsicker Road,Lancaster,PA,Investor,1420 Hunsicker Road Lancaster PA
Aspiriant,50 California Street,San Francisco,CA,Investor,50 California Street San Francisco CA
Associated,101 W. Mt. Royal Avenue,Baltimore,MD,Investor,101 W. Mt. Royal Avenue Baltimore MD
Assurant Pension Plan,28 Liberty Street,New York,NY,Investor,28 Liberty Street New York NY
AstraZeneca Trust for Defined Benefit Pension Plans,1800 Concord Pike,Wilmington,DE,Investor,1800 Concord Pike Wilmington DE
AT&T Pension Fund,208 S. Akard St.,Dallas,TX,Investor,208 S. Akard St. Dallas TX
Atain Insurance Company,220 Kaufman Financial Centre,Farmington Hills,MI,Investor,220 Kaufman Financial Centre Farmington Hills MI
Athene USA,7700 Mills Civic Parkway,West Des Moines,IA,Investor,7700 Mills Civic Parkway West Des Moines IA
Atlanta General Employees Pension Fund,"GEM Group, Administrator Peachtree Center",Atlanta,GA,Investor,"GEM Group, Administrator Peachtree Center Atlanta GA"
Atlanta Historical Society,130 West Paces Ferry Road,Atlanta,GA,Investor,130 West Paces Ferry Road Atlanta GA
Atlantic Trust,3290 Northside Parkway,Atlanta,GA,Investor,3290 Northside Parkway Atlanta GA
Atrato Asset Management,7266 North Westview Court,Park City,UT,Investor,7266 North Westview Court Park City UT
Attleboro Retirement Board,77 Park Street,Attleboro,MA,Investor,77 Park Street Attleboro MA
Atwood Foundation,301 West Northern Lights Boulevard,Anchorage,AK,Investor,301 West Northern Lights Boulevard Anchorage AK
Auburn University Foundation,317 South College Street,Auburn,AL,Investor,317 South College Street Auburn AL
Augustana College (Illinois),639 38th Street,Rock Island,IL,Investor,639 38th Street Rock Island IL
Augustana College (South Dakota),2001 S. Summit Avenue,Sioux Falls,SD,Investor,2001 S. Summit Avenue Sioux Falls SD
Augustus Capital,550 Mamaroneck Avenue,Harrison,NY,Investor,550 Mamaroneck Avenue Harrison NY
Aureus Asset Management,One Winthrop Square,Boston,MA,Investor,One Winthrop Square Boston MA
Austin College Endowment,900 North Grand Avenue,Sherman,TX,Investor,900 North Grand Avenue Sherman TX
Austin Community Foundation,4315 Guadalupe Street,Austin,TX,Investor,4315 Guadalupe Street Austin TX
Austin Fire Fighters Relief & Retirement Fund,4101 Parkstone Heights Drive,Austin,TX,Investor,4101 Parkstone Heights Drive Austin TX
Austin Police Retirement System,"2520 South, IH 35, Suite 100",Austin,TX,Investor,"2520 South, IH 35, Suite 100 Austin TX"
Auto-Owners Insurance Company,6101 Anacapri Blvd,Lansing,MI,Investor,6101 Anacapri Blvd Lansing MI
Automobile Club Michigan Pool,17900 North Laurel Park Drive,Livonia,MI,Investor,17900 North Laurel Park Drive Livonia MI
Automotive Industries Trust Funds,1640 South Loop Road,Alameda,CA,Investor,1640 South Loop Road Alameda CA
Automotive Machinists Pension Plan,2815 2nd Avenue,Seattle,WA,Investor,2815 2nd Avenue Seattle WA
Avalon Investment,P.O. Box 1948,La Jolla,CA,Investor,P.O. Box 1948 La Jolla CA
Avalon Trust,125 Lincoln Avenue,Santa Fe,NM,Investor,125 Lincoln Avenue Santa Fe NM
Avaya Pension Plan,4655 Great America Parkway,Santa Clara,CA,Investor,4655 Great America Parkway Santa Clara CA
Avi Chai Foundation,1015 Park Avenue,New York,NY,Investor,1015 Park Avenue New York NY
Avista Corporation Pension Fund,1411 East Mission Avenue,Spokane,WA,Investor,1411 East Mission Avenue Spokane WA
AXA US,1290 Avenue of the Americas,New York,NY,Investor,1290 Avenue of the Americas New York NY
Axion Financial Group,33258 Kent Avenue,Bethany Beach,DE,Investor,33258 Kent Avenue Bethany Beach DE
AXIS Capital,"Axis Insurance, 11680 Great Oaks Way",Alpharetta,GA,Investor,"Axis Insurance, 11680 Great Oaks Way Alpharetta GA"
Babson College Endowment,231 Forest Street,Babson Park,MA,Investor,231 Forest Street Babson Park MA
Bacharach Associates,555 Kappock St. 17E,New York,NY,Investor,555 Kappock St. 17E New York NY
BAE Master Pension Investment Trust (US),1101 Wilson Boulevard,Arlington,VA,Investor,1101 Wilson Boulevard Arlington VA
Baker Hughes US Pension Plan,2929 Allen Parkway,Houston,TX,Investor,2929 Allen Parkway Houston TX
Baker Street Advisors,455 Market Street,San Francisco,CA,Investor,455 Market Street San Francisco CA
Bakery and Confectionery Union and Industry International Pension Fund,10401 Connecticut Avenue,Kensington,MD,Investor,10401 Connecticut Avenue Kensington MD
Ball Brothers Foundation,222 S. Mulberry Street,Muncie,IN,Investor,222 S. Mulberry Street Muncie IN
Ball State University Endowment,2800 West Bethel Avenue,Muncie,IN,Investor,2800 West Bethel Avenue Muncie IN
Ballentine Partners,55 Mill Street,Wolfeboro,NH,Investor,55 Mill Street Wolfeboro NH
Baltimore City Employees' Retirement System,7 E. Redwood Street,Baltimore,MD,Investor,7 E. Redwood Street Baltimore MD
Baltimore Community Foundation,2 East Read Street,Baltimore,MD,Investor,2 East Read Street Baltimore MD
Baltimore Fire & Police Employees' Retirement System,7 East Redwood Street,Baltimore,MD,Investor,7 East Redwood Street Baltimore MD
Bankers Life & Casualty Company,111 East Wacker Drive,Chicago,IL,Investor,111 East Wacker Drive Chicago IL
Baptist Community Ministries,400 Poydras Street,New Orleans,LA,Investor,400 Poydras Street New Orleans LA
Baptist Foundation of Oklahoma,3800 North May Avenue,Oklahoma City,OK,Investor,3800 North May Avenue Oklahoma City OK
Barbara and Gerson Bakar Foundation,201 Filbert Street,San Francisco,CA,Investor,201 Filbert Street San Francisco CA
Barberton Community Foundation,460 W. Paige Avenue,Barberton,OH,Investor,460 W. Paige Avenue Barberton OH
Barnabas Foundation,18601 North Creek Drive,Tinley Park,IL,Investor,18601 North Creek Drive Tinley Park IL
Barnard College Endowment,3009 Broadway,New York,NY,Investor,3009 Broadway New York NY
Barnes-Jewish Hospital Foundation,1001 Highlands Plaza Drive West,St. Louis,MO,Investor,1001 Highlands Plaza Drive West St. Louis MO
Barnstable County Retirement System,750 Attucks Lane,Hyannis,MA,Investor,750 Attucks Lane Hyannis MA
Barr Foundation,Two Atlantic Avenue,Boston,MA,Investor,Two Atlantic Avenue Boston MA
Barra Foundation,200 West Lancaster Avenue Suite 202,Wayne,PA,Investor,200 West Lancaster Avenue Suite 202 Wayne PA
Barshop Ventures,112 East Pecan,San Antonio,TX,Investor,112 East Pecan San Antonio TX
BASF Corporation Pension Plan,100 Park Avenue,Florham Park,NJ,Investor,100 Park Avenue Florham Park NJ
Bates College Endowment,2 Andrews Road,Lewiston,ME,Investor,2 Andrews Road Lewiston ME
Baton Rouge Area Foundation,100 North Street,Baton Rouge,LA,Investor,100 North Street Baton Rouge LA
Battelle Pension Management and Investment Council,505 King Avenue,Columbus,OH,Investor,505 King Avenue Columbus OH
Battery Global Advisors,"One Marina Park Drive, Suite 1150",Boston,MA,Investor,"One Marina Park Drive, Suite 1150 Boston MA"
Baxter Partners,234 West Delaware Ave,Pennington,NJ,Investor,234 West Delaware Ave Pennington NJ
Baxter Pension Fund,One Baxter Parkway,Deerfield,IL,Investor,One Baxter Parkway Deerfield IL
Bayer (US) Pension Plan,100 Bayer Boulvard,Whippany,NJ,Investor,100 Bayer Boulvard Whippany NJ
Baylor College of Medicine Endowment,Baylor College of Medicine,Houston,TX,Investor,Baylor College of Medicine Houston TX
Baylor Health Care System,3600 Gaston Avenue,Dallas,TX,Investor,3600 Gaston Avenue Dallas TX
Baylor University Endowment Fund,1 Bear Place 97030,Waco,TX,Investor,1 Bear Place 97030 Waco TX
Baystate Health,280 Chestnut Street,Springfield,MA,Investor,280 Chestnut Street Springfield MA
Baystate Health Pension Plan,280 Chestnut Street,Springfield,MA,Investor,280 Chestnut Street Springfield MA
BB&T Pension Plan,200 West Second Street,Winston-Salem,NC,Investor,200 West Second Street Winston-Salem NC
BBR Partners,Two Grand Central Tower,New York,NY,Investor,Two Grand Central Tower New York NY
Beaumont Firemen's Relief and Retirement Fund,1515 Cornerstone Court,Beaumont,TX,Investor,1515 Cornerstone Court Beaumont TX
Bel Air Investment Advisors,1999 Avenue of the Stars,Los Angeles,CA,Investor,1999 Avenue of the Stars Los Angeles CA
Belfer Management,767 5th Ave,New York,NY,Investor,767 5th Ave New York NY
Belk Pension Plan,2801 West Tyvola Road,Charlotte,NC,Investor,2801 West Tyvola Road Charlotte NC
Belmont Contributory Retirement System,455 Concord Avenue,Belmont,MA,Investor,455 Concord Avenue Belmont MA
Belpointe Capital,125 Greenwich Avenue,Greenwich,CT,Investor,125 Greenwich Avenue Greenwich CT
Beneficial Financial Group,55 North 300 West,Salt Lake City,UT,Investor,55 North 300 West Salt Lake City UT
Benida Group,485 E Half Day Road,Buffalo Grove,IL,Investor,485 E Half Day Road Buffalo Grove IL
Bentley College Endowment,175 Forest Street,Waltham,MA,Investor,175 Forest Street Waltham MA
Benwood Foundation,"736 Market Street, Suite 1600",Chattanooga,TN,Investor,"736 Market Street, Suite 1600 Chattanooga TN"
Berea College Endowment,CPO 2216,Berea,KY,Investor,CPO 2216 Berea KY
Bergendahl Holdings,18881 Von Karman Ave,Irvine,CA,Investor,18881 Von Karman Ave Irvine CA
Beringer Group,201 King of Prussia Road,Radnor,PA,Investor,201 King of Prussia Road Radnor PA
Berkeley Endowment Management Company,"2080 Addison St., Suite 4200",Berkeley,CA,Investor,"2080 Addison St., Suite 4200 Berkeley CA"
Berklee College of Music Endowment,1140 Boylston Street,Boston,MA,Investor,1140 Boylston Street Boston MA
Berklee College of Music Retirement Plan,1140 Boylston Street,Boston,MA,Investor,1140 Boylston Street Boston MA
Berks County Community Foundation,237 Court Street,Reading,PA,Investor,237 Court Street Reading PA
Berkshire County Retirement Board,29 Dunham Mall,Pittsfield,MA,Investor,29 Dunham Mall Pittsfield MA
Berkshire Taconic Community Foundation,800 North Main Street,Sheffield,MA,Investor,800 North Main Street Sheffield MA
Berry College Endowment,2277 Martha Berry Highway NW,Mount Berry,GA,Investor,2277 Martha Berry Highway NW Mount Berry GA
Berry Investments,3055 Kettering Blvd  418,Kettering,OH,Investor,3055 Kettering Blvd  418 Kettering OH
Bert Bell/Pete Rozelle NFL Player Retirement Plan,"200 St Paul Street, Suite 2420",Baltimore,MD,Investor,"200 St Paul Street, Suite 2420 Baltimore MD"
Bessemer Trust,630 Fifth Avenue,New York,NY,Investor,630 Fifth Avenue New York NY
Beverly Contributory Retirement Board,City Hall,Beverly,MA,Investor,City Hall Beverly MA
Big Spring Firemen's Relief Retirement Fund,310 Nolan Street,Big Spring,TX,Investor,310 Nolan Street Big Spring TX
BigSur Partners,Four Seasons Tower,Miami,FL,Investor,Four Seasons Tower Miami FL
Bill & Carol Latimer Charitable Foundation,201 W Main Street,Union City,TN,Investor,201 W Main Street Union City TN
Bill & Melinda Gates Foundation Trust,500 Fifth Avenue North,Seattle,WA,Investor,500 Fifth Avenue North Seattle WA
Biltmore Family Office,4701 Hedgemore Drive,Charlotte,NC,Investor,4701 Hedgemore Drive Charlotte NC
Bindley Capital Partners,"8909 Purdue Road, Suite 500",Indianapolis,IN,Investor,"8909 Purdue Road, Suite 500 Indianapolis IN"
"Bingham, Osborn & Scarborough",345 California Street,San Francisco,CA,Investor,345 California Street San Francisco CA
Binghamton University Endowment,4400 Vestal Parkway East,Binghamton,NY,Investor,4400 Vestal Parkway East Binghamton NY
Bio-1,Whitehorse Executive Center,Trenton,NJ,Investor,Whitehorse Executive Center Trenton NJ
Biola University Endowment,13800 Biola Avenue,La Mirada,CA,Investor,13800 Biola Avenue La Mirada CA
Birmingham-Southern College Endowment,900 Arkadelphia Road,Birmingham,AL,Investor,900 Arkadelphia Road Birmingham AL
BJC Pension Plan,4901 Forest Park Avenue,St. Louis,MO,Investor,4901 Forest Park Avenue St. Louis MO
Black Coral Capital,18 Tremont Street,Boston,MA,Investor,18 Tremont Street Boston MA
Blandin Foundation,100 North Pokegama Avenue,Grand Rapids,MN,Investor,100 North Pokegama Avenue Grand Rapids MN
Blennemann Family Investments,10669 Eloise Circle,Los Altos Hills,CA,Investor,10669 Eloise Circle Los Altos Hills CA
Bloomberg Philanthropies,25 East 78th Street,New York,NY,Investor,25 East 78th Street New York NY
Bloomingdale Properties,641 Lexington Avenue,New York,NY,Investor,641 Lexington Avenue New York NY
Blue Cross & Blue Shield Association,225 North Michigan Avenue,Chicago,IL,Investor,225 North Michigan Avenue Chicago IL
Blue Cross Blue Shield of Arizona,P.O. Box 13466,Phoenix,AZ,Investor,P.O. Box 13466 Phoenix AZ
Blue Cross Blue Shield of Michigan,600 East Lafayette,Detroit,MI,Investor,600 East Lafayette Detroit MI
Blue Haven Initiative,48th Street,New York,NY,Investor,48th Street New York NY
Blue Hills Regional School Retirement Board,800 Randolph Street,Canton,MA,Investor,800 Randolph Street Canton MA
BlueFlame Global Wealth Management,555 California Street,San Francisco,CA,Investor,555 California Street San Francisco CA
Bluepointe Capital Management,400 S. El Camino Real,San Mateo,CA,Investor,400 S. El Camino Real San Mateo CA
Blueprint Capital Management,221 W. 6th Street,Austin,TX,Investor,221 W. 6th Street Austin TX
BNY Mellon Retirement Plan,"BNY Mellon Center, 500 Grant Street",Pittsburgh,PA,Investor,"BNY Mellon Center, 500 Grant Street Pittsburgh PA"
BNY Mellon Wealth Management,BNY Mellon Center,Boston,MA,Investor,BNY Mellon Center Boston MA
Board of Pensions of the Presbyterian Church,2000 Market Street,Philadelphia,PA,Investor,2000 Market Street Philadelphia PA
"Board of Regents, State of Iowa",11260 Aurora Avenue,Urbandale,IA,Investor,11260 Aurora Avenue Urbandale IA
Boca Raton Regional Hospital Employees Pension Plan,800 Meadows Road,Boca Raton,FL,Investor,800 Meadows Road Boca Raton FL
Bodman Foundation,"767 Third Avenue, 4th Floor",New York,NY,Investor,"767 Third Avenue, 4th Floor New York NY"
Boeing Company Pension Fund,Boeing World Headquarters,Chicago,IL,Investor,Boeing World Headquarters Chicago IL
Boettcher Foundation,600 Seventeenth Street,Denver,CO,Investor,600 Seventeenth Street Denver CO
Boilermaker-Blacksmith National Pension Trust,754 Minnesota Avenue,Kansas City,KS,Investor,754 Minnesota Avenue Kansas City KS
Bok Family Foundation,P.O. Box 966,Canaan,CT,Investor,P.O. Box 966 Canaan CT
Bookmark Advisors,6900 Jericho Turnpike,Syosset,NY,Investor,6900 Jericho Turnpike Syosset NY
Boston Children's Hospital,300 Longwood Avenue,Boston,MA,Investor,300 Longwood Avenue Boston MA
Boston City Retirement System,1 City Hall Square,Boston,MA,Investor,1 City Hall Square Boston MA
Boston College Endowment,140 Commonwealth Ave Chestnut Hill,Boston,MA,Investor,140 Commonwealth Ave Chestnut Hill Boston MA
Boston Foundation,75 Arlington Street,Boston,MA,Investor,75 Arlington Street Boston MA
Boston Museum of Science,1 Science Park,Boston,MA,Investor,1 Science Park Boston MA
Boston Symphony Orchestra,301 Massachusetts Avenue,Boston,MA,Investor,301 Massachusetts Avenue Boston MA
Boston University Endowment,One Silber Way,Boston,MA,Investor,One Silber Way Boston MA
Botty Investors,444 N. Michigan Ave,Chicago,IL,Investor,444 N. Michigan Ave Chicago IL
Bowdoin College Endowment,5400 College Station,Brunswick,ME,Investor,5400 College Station Brunswick ME
Boy Scouts of America Employees' Pension Plan,1325 West Walnut Hill Lane,Irving,TX,Investor,1325 West Walnut Hill Lane Irving TX
Boynton Beach Police Pension Fund,100 E. Boynton Beach Blvd,Boynton Beach,FL,Investor,100 E. Boynton Beach Blvd Boynton Beach FL
Boys & Girls Clubs of Boston,200 High Street,Boston,MA,Investor,200 High Street Boston MA
Boys & Girls Clubs of San Francisco Endowment Trust,55 Hawthorne Street,San Francisco,CA,Investor,55 Hawthorne Street San Francisco CA
Boys Town,14100 Crawford Street,Boys Town,NE,Investor,14100 Crawford Street Boys Town NE
BP America Retirement Trust,501 Westlake Park Boulevard,Houston,TX,Investor,501 Westlake Park Boulevard Houston TX
BQ Capital Partners,5221 N. O'Connor Blvd.,Irving,TX,Investor,5221 N. O'Connor Blvd. Irving TX
Bradley University Endowment,1501 W. Bradley Avenue,Peoria,IL,Investor,1501 W. Bradley Avenue Peoria IL
Bradley Wealth Management,350 10th Avenue,San Diego,CA,Investor,350 10th Avenue San Diego CA
Brainerd Foundation,1601 Second Avenue,Seattle,WA,Investor,1601 Second Avenue Seattle WA
Braintree Contributory Employees' Retirement System,74 Pond Street,Braintree,MA,Investor,74 Pond Street Braintree MA
Brandeis University Endowment,Brandeis University,Waltham,MA,Investor,Brandeis University Waltham MA
Brazos River Authority Retirement Plan,4600 Cobbs Drive,Waco,TX,Investor,4600 Cobbs Drive Waco TX
Breeze Ventures Management,,La Jolla,CA,Investor,La Jolla CA
Briar Hall,200 W. Madison St.,Chicago,IL,Investor,200 W. Madison St. Chicago IL
Briaud Financial Advisors,1611 Crescent Pointe Parkway,College Station,TX,Investor,1611 Crescent Pointe Parkway College Station TX
Bricklayers and Trowel Trades International Pension Plan,"620 F Street, NW",Washington,DC,Investor,"620 F Street, NW Washington DC"
Bridgewater Wealth & Financial Management,7475 Wisconsin Avenue,Bethesda,MD,Investor,7475 Wisconsin Avenue Bethesda MD
Brighton Jones,2030 1st Avenue,Seattle,WA,Investor,2030 1st Avenue Seattle WA
Brinson Foundation,737 North Michigan Avenue,Chicago,IL,Investor,737 North Michigan Avenue Chicago IL
Bristlecone Advisors,999 Third Avenue,Seattle,WA,Investor,999 Third Avenue Seattle WA
Bristol County Retirement System,645 County Street,Taunton,MA,Investor,645 County Street Taunton MA
Bristol Retirement System,111 North Main Street,Bristol,CT,Investor,111 North Main Street Bristol CT
Bristol-Myers Squibb Pension Plan,345 Park Avenue,New York,NY,Investor,345 Park Avenue New York NY
Broad Foundation,2121 Avenue of the Stars,Los Angeles,CA,Investor,2121 Avenue of the Stars Los Angeles CA
Brockstar Group of Companies ,2618 San Miguel Drive 218,Newport Beach,CA,Investor,2618 San Miguel Drive 218 Newport Beach CA
Brockton Contributory Retirement System,1322 Belmont Street,Brockton,MA,Investor,1322 Belmont Street Brockton MA
Brookings Institution,"1775 Massachusetts Ave, NW",Washington,DC,Investor,"1775 Massachusetts Ave, NW Washington DC"
Brookline Retirement System,"Public Health Building, 11 Pierce Street",Brookline,MA,Investor,"Public Health Building, 11 Pierce Street Brookline MA"
Broward Health,303 S.E. 17th St.,Fort Lauderdale,FL,Investor,303 S.E. 17th St. Fort Lauderdale FL
Broward Health Pension Plan,303 SE 17th Street,Fort Lauderdale,FL,Investor,303 SE 17th Street Fort Lauderdale FL
Brown University Endowment Fund,121 South Main Street,Providence,RI,Investor,121 South Main Street Providence RI
Brown-Forman Corporation Master Retirement Trust,850 Dixie Highway,Louisville,KY,Investor,850 Dixie Highway Louisville KY
Brutten Global,4435 Eastgate Mall,San Diego,CA,Investor,4435 Eastgate Mall San Diego CA
Bryant University Endowment,1150 Douglas Pike,Smithfield,RI,Investor,1150 Douglas Pike Smithfield RI
Bryn Athyn College of the New Church,2895 College Drive,Bryn Athyn,PA,Investor,2895 College Drive Bryn Athyn PA
Bryn Mawr College Endowment,101 North Merion,Bryn Mawr,PA,Investor,101 North Merion Bryn Mawr PA
Bucknell University Endowment,112 Marts Hall,Lewisburg,PA,Investor,112 Marts Hall Lewisburg PA
"Budros, Ruhlin & Roe",1801 Watermark Drive,Columbus,OH,Investor,1801 Watermark Drive Columbus OH
Buena Vista University Endowment,610 West Fourth Street,Storm Lake,IA,Investor,610 West Fourth Street Storm Lake IA
Buffalo Laborers Pension Fund,25 Tyrol Drive,Cheektowaga,NY,Investor,25 Tyrol Drive Cheektowaga NY
Building Service 32BJ Pension Fund,25 West,New York,NY,Investor,25 West New York NY
Bullitt Foundation,1501 East Madison Street,Seattle,WA,Investor,1501 East Madison Street Seattle WA
Burlington Employees' Retirement System,149 Church Street,Burlington,VT,Investor,149 Church Street Burlington VT
Burnett Foundation,801 Cherry Street,Fort Worth,TX,Investor,801 Cherry Street Fort Worth TX
Burroughs Wellcome Fund,21 T. West. Alexander Drive,Durham,NC,Investor,21 T. West. Alexander Drive Durham NC
Burton D. Morgan Foundation,22 Aurora Street,Hudson,OH,Investor,22 Aurora Street Hudson OH
Bush Foundation,101 Fifth Street East,Saint Paul,MN,Investor,101 Fifth Street East Saint Paul MN
Butler University,4600 Sunset Avenue,Indianapolis,IN,Investor,4600 Sunset Avenue Indianapolis IN
C. M. Life Insurance Company,100 Bright Meadow Boulevard,Enfield,CT,Investor,100 Bright Meadow Boulevard Enfield CT
C.M. Capital Advisors,525 University Avenue,Palo Alto,CA,Investor,525 University Avenue Palo Alto CA
C.V. Starr,399 Park Avenue,New York,NY,Investor,399 Park Avenue New York NY
Cabot-Wellington,7th Floor,Boston,MA,Investor,7th Floor Boston MA
Cal Poly Foundation,The Cal Poly Foundation,San Luis Obispo,CA,Investor,The Cal Poly Foundation San Luis Obispo CA
California Academy of Sciences Endowment,55 Music Concourse Drive,San Francisco,CA,Investor,55 Music Concourse Drive San Francisco CA
California Community Foundation,221 South Figueroa Street,Los Angeles,CA,Investor,221 South Figueroa Street Los Angeles CA
California Endowment,1000 North Alameda Street,Los Angeles,CA,Investor,1000 North Alameda Street Los Angeles CA
California Farm Bureau Federation,2300 River Plaza Drive,Sacramento,CA,Investor,2300 River Plaza Drive Sacramento CA
California Healthcare Foundation,1438 Webster Street,Oakland,CA,Investor,1438 Webster Street Oakland CA
California Institute of Technology Endowment,Mail Code 2-42,Pasadena,CA,Investor,Mail Code 2-42 Pasadena CA
California Public Employees' Retirement System (CalPERS),400 Q Street,Sacramento,CA,Investor,400 Q Street Sacramento CA
California State Teachers' Retirement System (CalSTRS),100 Waterfront Place,Sacramento,CA,Investor,100 Waterfront Place Sacramento CA
California State University Chico,400 West First Street,Chico,CA,Investor,400 West First Street Chico CA
"California State University, Northridge Foundation",18111 Nordhoff Street,Northridge,CA,Investor,18111 Nordhoff Street Northridge CA
"California State University, San Marcos Foundation",333 S. Twin Oaks Valley Rd,San Marcos,CA,Investor,333 S. Twin Oaks Valley Rd San Marcos CA
California Teachers Association Economic Benefits Trust Member Welfare Benefit Plan,1705 Murchison Drive,Burlingame,CA,Investor,1705 Murchison Drive Burlingame CA
Cambria County Employees' Retirement System,200 South Center Street,Ebensburg,PA,Investor,200 South Center Street Ebensburg PA
Cambridge Retirement System,100 Cambridge Park Drive,Cambridge,MA,Investor,100 Cambridge Park Drive Cambridge MA
Camden Capital Management,2321 Rosecrans Avenue,El Segundo,CA,Investor,2321 Rosecrans Avenue El Segundo CA
Camden Wealth Advisors,1330 Post Oak Blvd,Houston,TX,Investor,1330 Post Oak Blvd Houston TX
Cameron Foundation,228 South Sycamore Street,Petersburg,VA,Investor,228 South Sycamore Street Petersburg VA
Campbell Soup Company Pension Plan,One Campbell Place,Camden,NJ,Investor,One Campbell Place Camden NJ
Canal Insurance Company,400 East Stone Avenue,Greenville,SC,Investor,400 East Stone Avenue Greenville SC
Canisius College Endowment,2001 Main Street,Buffalo,NY,Investor,2001 Main Street Buffalo NY
Cantor Fitzgerald Wealth Partners,499 Park Avenue 6th Floor,New York,NY,Investor,499 Park Avenue 6th Floor New York NY
Cape Coral Municipal General Employees Pension Trust Fund,4360 Northlake Boulevard,Palm Beach  Gardens,FL,Investor,4360 Northlake Boulevard Palm Beach  Gardens FL
Capital Blue Cross,2500 Elmerton Avenue,Harrisburg,PA,Investor,2500 Elmerton Avenue Harrisburg PA
"Capital Fiduciary Advisors, LLC",1800 Robert Fulton Drive,Reston,VA,Investor,1800 Robert Fulton Drive Reston VA
Capital University Endowment,1 College and Main,Columbus,OH,Investor,1 College and Main Columbus OH
Capricorn Investment Group,250 University Avenue,Palo Alto,CA,Investor,250 University Avenue Palo Alto CA
CAPROCK Group,805 W Idaho Street,Boise,ID,Investor,805 W Idaho Street Boise ID
Cardigan Mountain School,62 Alumni Drive,Canaan,NH,Investor,62 Alumni Drive Canaan NH
Cardinal Health,7000 Cardinal Place,Dublin,OH,Investor,7000 Cardinal Place Dublin OH
CareGroup Health System,109 Brookline Avenue No.300,Boston,MA,Investor,109 Brookline Avenue No.300 Boston MA
Cargill Master Retirement Trust,PO Box 5685,Minneapolis,MN,Investor,PO Box 5685 Minneapolis MN
Carl and Eloise Pohlad Family Foundation,"60 South Sixth Street, Suite 3900",Minneapolis,MN,Investor,"60 South Sixth Street, Suite 3900 Minneapolis MN"
Carleton College Endowment,50 South Sixth Street,Minneapolis,MN,Investor,50 South Sixth Street Minneapolis MN
Carlson Family Foundation,550 Tonkawa Road,,MN,Investor,550 Tonkawa Road  MN
Carnegie Corporation of New York,437 Madison Avenue,New York,NY,Investor,437 Madison Avenue New York NY
Carnegie Endowment for International Peace,1779 Massachusetts Avenue,Northwest Washington,DC,Investor,1779 Massachusetts Avenue Northwest Washington DC
Carnegie Institute Endowment,550 Stephenson Highway,Troy,MI,Investor,550 Stephenson Highway Troy MI
Carnegie Institution of Washington,1530 P Street NW,Washington,DC,Investor,1530 P Street NW Washington DC
Carnegie Mellon University Endowment Fund,5000 Forbes Ave,Pittsburgh,PA,Investor,5000 Forbes Ave Pittsburgh PA
"Carol Ann and Ralph V. Haile, Jr./U.S. Bank Foundation",425 Walnut Street,Cincinnati,OH,Investor,425 Walnut Street Cincinnati OH
Carolinas HealthCare Foundation,208 East Blvd.,Charlotte,NC,Investor,208 East Blvd. Charlotte NC
Carolinas Medical Center-Union,600 Hospital Drive,Monroe,NC,Investor,600 Hospital Drive Monroe NC
Caroline and Sigmund Schott Foundation,678 Massachusetts Avenue,Cambridge,MA,Investor,678 Massachusetts Avenue Cambridge MA
Carpenter Funds Administrative Office of Northern California,"265 Hegenberger Road, Suite 100",Oakland,CA,Investor,"265 Hegenberger Road, Suite 100 Oakland CA"
Carpenters Retirement Plan of Western Washington,2200 Sixth Avenue,Seattle,WA,Investor,2200 Sixth Avenue Seattle WA
Carpenters' Benefits Funds of Philadelphia & Vicinity,1811 Spring Garden Street,Philadelphia,PA,Investor,1811 Spring Garden Street Philadelphia PA
Carpenters' Pension Fund of Illinois,28 North First Street,Geneva,IL,Investor,28 North First Street Geneva IL
Carpenters' Pension Trust Fund - Detroit & Vicinity,P.O BOX 4540,Troy,MI,Investor,P.O BOX 4540 Troy MI
Carpenters' Pension Trust Fund of St. Louis,1401 Hampton Avenue,St. Louis,MO,Investor,1401 Hampton Avenue St. Louis MO
Carrie Estelle Doheny Foundation,707 Wilshire Boulevard,Los Angeles,CA,Investor,707 Wilshire Boulevard Los Angeles CA
Carson Wealth Management,"Dodge Plaza, 1st Floor",Omaha,NE,Investor,"Dodge Plaza, 1st Floor Omaha NE"
Cary Institute of Ecosystem Studies,Plant Science Building,Millbrook,NY,Investor,Plant Science Building Millbrook NY
Cascade Investment,2365 Carillon Point,Kirkland,WA,Investor,2365 Carillon Point Kirkland WA
Case Western Reserve University Endowment,10900 Euclid Avenue,Cleveland,OH,Investor,10900 Euclid Avenue Cleveland OH
Casey Family Programs,2001 Eighth Avenue,Seattle,WA,Investor,2001 Eighth Avenue Seattle WA
Castellini Management Company,7755 Montgomery Road,Cincinnati,OH,Investor,7755 Montgomery Road Cincinnati OH
Castle Hill Advisors,3112 Windsor Road,Austin,TX,Investor,3112 Windsor Road Austin TX
Catalyst Wealth Management,5400 Laurel Springs Parkway,Suwanee,GA,Investor,5400 Laurel Springs Parkway Suwanee GA
Caterpillar Pension Plan,100 North East Adams Street,Peoria,IL,Investor,100 North East Adams Street Peoria IL
Catherine B. Reynolds Foundation,"45610 Woodland Road, No. 370",Sterling,VA,Investor,"45610 Woodland Road, No. 370 Sterling VA"
Catholic Community Foundation of Indianapolis,1400 N. Meridian Street,Indianapolis,IN,Investor,1400 N. Meridian Street Indianapolis IN
Catholic Community Foundation of Minnesota,2610 University Avenue West,Saint Paul,MN,Investor,2610 University Avenue West Saint Paul MN
Catholic Community Foundation of Northeast Indiana,915 South Clinton Street,Fort Wayne,IN,Investor,915 South Clinton Street Fort Wayne IN
Catholic Education Foundation,"3424 Wilshire Boulevard, 3rd Floor",Los Angeles,CA,Investor,"3424 Wilshire Boulevard, 3rd Floor Los Angeles CA"
Catholic Foundation (Dallas),"5310 Harvest Hill Rd., Suite 248",Dallas,TX,Investor,"5310 Harvest Hill Rd., Suite 248 Dallas TX"
Catholic Foundation of Northern Colorado,"3801 East Florida Avenue, Suite 909",Denver,CO,Investor,"3801 East Florida Avenue, Suite 909 Denver CO"
Catholic Health Initiatives,6385 Corporate Drive,Colorado Springs,CO,Investor,6385 Corporate Drive Colorado Springs CO
Catholic Health Initiatives Retirement Plans,198 Inverness Drive West,Englewood,CO,Investor,198 Inverness Drive West Englewood CO
Catholic Order of Foresters,355 Shuman Boulevard,Naperville,IL,Investor,355 Shuman Boulevard Naperville IL
Catholic University of America Endowment,620 Michigan Avenue,Washington,DC,Investor,620 Michigan Avenue Washington DC
CCHS Retirement Plan,9500 Euclid Avenue,Cleveland,OH,Investor,9500 Euclid Avenue Cleveland OH
Cedar Brook Financial Partners,"5885 Landerbrook Drive, Suite 200",Cleveland,OH,Investor,"5885 Landerbrook Drive, Suite 200 Cleveland OH"
Cedar Hill Associates,6111 North River Road,Rosemont,IL,Investor,6111 North River Road Rosemont IL
Cedar Rowe Partners,CONCOURSE PARKWAY,Atlanta,GA,Investor,CONCOURSE PARKWAY Atlanta GA
Centenary College of Louisiana Endowment,2911 Centenary Boulevard,Shreveport,LA,Investor,2911 Centenary Boulevard Shreveport LA
Centenium Capital Partners,993 5th Avenue,New York,NY,Investor,993 5th Avenue New York NY
Centennial Casualty Company,2200 Woodcrest Place,Birmingham,AL,Investor,2200 Woodcrest Place Birmingham AL
Central College Endowment,812 University Street,Pella,IA,Investor,812 University Street Pella IA
Central Indiana Community Foundation,615 North Alabama Street,Indianapolis,IN,Investor,615 North Alabama Street Indianapolis IN
Central Laborers' Pension Fund,201 N Main Street,Jacksonville,IL,Investor,201 N Main Street Jacksonville IL
Central Michigan University Endowment,1200 South Franklin Street,Mount Pleasant,MI,Investor,1200 South Franklin Street Mount Pleasant MI
Central New York Community Foundation,431 East Fayette Street,Syracuse,NY,Investor,431 East Fayette Street Syracuse NY
Central Pension Fund,"4115 Chesapeake St., NW",Washington,DC,Investor,"4115 Chesapeake St., NW Washington DC"
Centre College of Kentucky Endowment,600 West Walnut St.,Danville,KY,Investor,600 West Walnut St. Danville KY
Centricity Financial,500 Birch Street,Newport Beach,CA,Investor,500 Birch Street Newport Beach CA
Century Insurance Group,465 Cleveland Avenue,Westerville,OH,Investor,465 Cleveland Avenue Westerville OH
Century Wealth Management,5350 Poplar Ave,Memphis,TN,Investor,5350 Poplar Ave Memphis TN
CenturyLink Pension Plan,100 Centurylink Drive,Monroe,LA,Investor,100 Centurylink Drive Monroe LA
Certis Capital Management,38 El Paseo Building,Santa Barbara,CA,Investor,38 El Paseo Building Santa Barbara CA
CH Foundation,"6102 82nd Street, 8A",Lubbock,TX,Investor,"6102 82nd Street, 8A Lubbock TX"
Chambers Family Fund,"44 Cook Street, Suite 240",Denver,CO,Investor,"44 Cook Street, Suite 240 Denver CO"
Channel Family Assets,3 Minturn Road,Bronxville,NY,Investor,3 Minturn Road Bronxville NY
Chapman University Endowment,One University Drive,Orange,CA,Investor,One University Drive Orange CA
Chapwood Investments,15455 N. Dallas Parkway,Addison,TX,Investor,15455 N. Dallas Parkway Addison TX
Charles F. Kettering Foundation Endowment,200 Commons Road,Dayton,OH,Investor,200 Commons Road Dayton OH
Charles H. Revson Foundation,55 East 59th Street,New York,NY,Investor,55 East 59th Street New York NY
Charles Hayden Foundation,140 Broadway,New York,NY,Investor,140 Broadway New York NY
Charles Stewart Mott Foundation,503 South Saginaw Street,Flint,MI,Investor,503 South Saginaw Street Flint MI
Charlotte-Mecklenburg Hospital Authority,1000 Blythe Boulevard,Charlotte,NC,Investor,1000 Blythe Boulevard Charlotte NC
Chattanooga Fire and Police Pension Fund,6009 John Douglass Drive,Chattanooga,TN,Investor,6009 John Douglass Drive Chattanooga TN
Chattanooga General Pension Fund,101 East 11th Street,Chattanooga,TN,Investor,101 East 11th Street Chattanooga TN
Chautauqua Foundation,One Ames,Chautauqua,NY,Investor,One Ames Chautauqua NY
Chautauqua Region Community Foundation,418 Spring Street,Jamestown,NY,Investor,418 Spring Street Jamestown NY
Chelsea Retirement Board,"City Hall, Room 214",Chelsea,MA,Investor,"City Hall, Room 214 Chelsea MA"
Cheshire Retirement Board,Cheshire Town Hall,Cheshire,CT,Investor,Cheshire Town Hall Cheshire CT
Chester Community Foundation,28 West Market Street,West Chester,PA,Investor,28 West Market Street West Chester PA
Chicago Community Trust,225 North Michigan Avenue,Chicago,IL,Investor,225 North Michigan Avenue Chicago IL
Chicago Firemen's Annuity & Benefit Fund,20 South Clark Street,Chicago,IL,Investor,20 South Clark Street Chicago IL
Chicago Horticultural Society Endowment,1000 Lake Cook Road,Glencoe,IL,Investor,1000 Lake Cook Road Glencoe IL
Chicago Park Employees' Annuity & Benefit Fund,55 East Monroe Street,Chicago,IL,Investor,55 East Monroe Street Chicago IL
Chicago Regional Council of Carpenters Pension Fund,12 East Erie Street,Chicago,IL,Investor,12 East Erie Street Chicago IL
Chicago Transit Authority Employees Retirement Plan,55 West Monroe Street,Chicago,IL,Investor,55 West Monroe Street Chicago IL
Chicopee Retirement Board,274 Front Street,Chicopee,MA,Investor,274 Front Street Chicopee MA
Children International,2000 East Red Bridge Road   MO,Kansas City,MO,Investor,2000 East Red Bridge Road   MO Kansas City MO
Children's Healthcare of Atlanta Foundation,1600 Tullie Circle,Atlanta,GA,Investor,1600 Tullie Circle Atlanta GA
Children's Hospital Boston Pension Plan,300 Longwood Avenue,Boston,MA,Investor,300 Longwood Avenue Boston MA
Children's Hospital of Philadelphia Foundation,3401 Civic Center Blvd,Philadelphia,PA,Investor,3401 Civic Center Blvd Philadelphia PA
Children's Hospital of Pittsburgh Foundation,"One Children's Hospital Drive, Central Plant, Floor 3",Pittsburgh,PA,Investor,"One Children's Hospital Drive, Central Plant, Floor 3 Pittsburgh PA"
Children's Memorial Medical Center and Affiliated Corporations,225 East Chicago Avenue,Chicago,IL,Investor,225 East Chicago Avenue Chicago IL
Children's Museum of Indianapolis,3000 North Meridian Street,Indianapolis,IN,Investor,3000 North Meridian Street Indianapolis IN
Chilton Trust Company,396 Royal Palm Way,Palm Beach,FL,Investor,396 Royal Palm Way Palm Beach FL
Chipstone Foundation,750 N. Lincoln Memorial Drive,Milwaukee,WI,Investor,750 N. Lincoln Memorial Drive Milwaukee WI
Choate Rosemary Hall Foundation,333 Christian Street,Wallingford,CT,Investor,333 Christian Street Wallingford CT
Christopher Reynolds Foundation,2 Liberty Square,Boston,MA,Investor,2 Liberty Square Boston MA
CHRISTUS Health Foundation,919 Hidden Ridge,Irving,TX,Investor,919 Hidden Ridge Irving TX
Christy-Houston Foundation,1296 Dow Street,Murfreesboro,TN,Investor,1296 Dow Street Murfreesboro TN
Chrysler Museum of Art,One Memorial Place,Norfolk,VA,Investor,One Memorial Place Norfolk VA
Chubb Limited,Chubb Limited,New York,NY,Investor,Chubb Limited New York NY
Church Mutual Insurance Company,P.O. Box 357,Merrill,WI,Investor,P.O. Box 357 Merrill WI
Church Pension Group,19 East 34th Street,New York,NY,Investor,19 East 34th Street New York NY
Cica Inc.,7979 Ivanhoe Avenue,San Diego,CA,Investor,7979 Ivanhoe Avenue San Diego CA
CIGNA,Cigna Corporate Headquarters,Bloomfield,CT,Investor,Cigna Corporate Headquarters Bloomfield CT
Cigna Pension Fund,Two Liberty Place 1601 Chestnut Street,Philadelphia,PA,Investor,Two Liberty Place 1601 Chestnut Street Philadelphia PA
Cincinnati Children's Hospital Pension Plan,3333 Burnet Avenue,Cincinnati,OH,Investor,3333 Burnet Avenue Cincinnati OH
M34 Capital,564 Market Street,San Francisco,CA,PE Firm,564 Market Street San Francisco CA
M4 Investments,1200 N. Ashland Ave.,Chicago,IL,PE Firm,1200 N. Ashland Ave. Chicago IL
MAB Capital Management,"113-119 W. Hubbard Avenue, 5th Floor",Chicago,IL,PE Firm,"113-119 W. Hubbard Avenue, 5th Floor Chicago IL"
MacAndrews & Forbes Holdings,35 East 62nd Street,New York,NY,PE Firm,35 East 62nd Street New York NY
Mach Ventures,2682 F Middlefield Road,Redwood City,CA,PE Firm,2682 F Middlefield Road Redwood City CA
Machine Shop Ventures,8820 Wilshire Blvd,Beverly Hills,CA,PE Firm,8820 Wilshire Blvd Beverly Hills CA
Macnica Ventures,"2540 N 1st Street, Suite 280",San Jose,CA,PE Firm,"2540 N 1st Street, Suite 280 San Jose CA"
Macro Climate Solutions,2 Beekman Place,New York,NY,PE Firm,2 Beekman Place New York NY
Madison Bay Capital Partners,757 Third Avenue,New York,NY,PE Firm,757 Third Avenue New York NY
Madison Capital Funding,30 South Wacker Drive,Chicago,IL,PE Firm,30 South Wacker Drive Chicago IL
Madison Dearborn Partners,70 W. Madison,Chicago,IL,PE Firm,70 W. Madison Chicago IL
Madison Industries,500 West Madison,Chicago,IL,PE Firm,500 West Madison Chicago IL
Madison Parker Capital,680 Berkeley Ave,Menlo Park,CA,PE Firm,680 Berkeley Ave Menlo Park CA
Madrona Venture Group,999 Third Avenue,Seattle,WA,PE Firm,999 Third Avenue Seattle WA
Magnate Capital Partners,Oakbrook Terrace Tower,Oakbrook Terrace,IL,PE Firm,Oakbrook Terrace Tower Oakbrook Terrace IL
Magnetar Capital,1603 Orrington Avenue,Evanston,IL,PE Firm,1603 Orrington Avenue Evanston IL
Main Line Equity Partners,"Plaza 16, Suite 202",Ardmore,PA,PE Firm,"Plaza 16, Suite 202 Ardmore PA"
Main Market Partners,"39 East Market Street, Suite 403",Akron,OH,PE Firm,"39 East Market Street, Suite 403 Akron OH"
Main Post Growth Capital,"One Ferry Building, Suite 350",San Francisco,CA,PE Firm,"One Ferry Building, Suite 350 San Francisco CA"
Main Street Capital Corporation,1300 Post Oak Boulevard,Houston,TX,PE Firm,1300 Post Oak Boulevard Houston TX
Main Street Resources,325 Lafayette Street,Bridgeport,CT,PE Firm,325 Lafayette Street Bridgeport CT
MainLine Investment Partners,308 E. Lancaster Avenue,Wynnewood,PA,PE Firm,308 E. Lancaster Avenue Wynnewood PA
Mainsail Partners,One Front Street,San Francisco,CA,PE Firm,One Front Street San Francisco CA
Manatt Digital Media Ventures,11355 West Olympic Boulevard,Los Angeles,CA,PE Firm,11355 West Olympic Boulevard Los Angeles CA
Manhattan Partners,2711 N. Sepulveda Blvd.,Manhattan Beach,CA,PE Firm,2711 N. Sepulveda Blvd. Manhattan Beach CA
Manhattan Venture Partners,5 Penn Plaza,New York,NY,PE Firm,5 Penn Plaza New York NY
Manitou Ventures,"460 Bush  Street, Second Floor",San Francisco,CA,PE Firm,"460 Bush  Street, Second Floor San Francisco CA"
Maniv Energy Capital,700-76 Broadway,Westwood,NJ,PE Firm,700-76 Broadway Westwood NJ
Mansa Capital,500 Boylston Street,Boston,MA,PE Firm,500 Boylston Street Boston MA
Mantella Venture Partners,488 Wellington Street West,Toronto,Ontario,PE Firm,488 Wellington Street West Toronto Ontario
Mantucket Capital,5251 DTC Parkway,Greenwood Village,CO,PE Firm,5251 DTC Parkway Greenwood Village CO
Manulife Capital Corporation,200 Bloor Street East,Toronto,Ontario,PE Firm,200 Bloor Street East Toronto Ontario
Mar Vista Investment Partners,11150 Santa Monica Boulevard,Los Angeles,CA,PE Firm,11150 Santa Monica Boulevard Los Angeles CA
Maranon Capital,303 West Madison Street,Chicago,IL,PE Firm,303 West Madison Street Chicago IL
Marc Bell Capital,6800 Broken Sound Parkway,Boca Raton,FL,PE Firm,6800 Broken Sound Parkway Boca Raton FL
March Capital Partners,725 Arizona Avenue,Santa Monica,CA,PE Firm,725 Arizona Avenue Santa Monica CA
Marker Hill Capital,1500 Wynkoop Street,Denver,CO,PE Firm,1500 Wynkoop Street Denver CO
Market Square Equity Partners,"87 Front St. E., Suite 400",Toronto,Ontario,PE Firm,"87 Front St. E., Suite 400 Toronto Ontario"
Markpoint Venture Partners,1333 W. McDermott Drive,Allen,TX,PE Firm,1333 W. McDermott Drive Allen TX
Marlin Equity Partners,338 Pier Avenue,Hermosa Beach,CA,PE Firm,338 Pier Avenue Hermosa Beach CA
Maroon Capital Group,"60 Broad Street, 34th Floor",New York,NY,PE Firm,"60 Broad Street, 34th Floor New York NY"
Marquette Capital Partners,60 South Sixth Street,Minneapolis,MN,PE Firm,60 South Sixth Street Minneapolis MN
MaRS Investment Accelerator Fund,101 College Street,Toronto,Ontario,PE Firm,101 College Street Toronto Ontario
Mars Ventures,25200 Telegraph Road,Southfield,MI,PE Firm,25200 Telegraph Road Southfield MI
Marshall Junction Partners,290 W. Mt. Pleasant Avenue,Livingston,NJ,PE Firm,290 W. Mt. Pleasant Avenue Livingston NJ
Martin Ventures,"40 Burton Hills Boulevard, Suite 100",Nashville,TN,PE Firm,"40 Burton Hills Boulevard, Suite 100 Nashville TN"
Marvel Venture Partners,7220A BOB Bullock Loop,Laredo,TX,PE Firm,7220A BOB Bullock Loop Laredo TX
Marwit Investment Management,100 Bayview Circle,Newport Beach,CA,PE Firm,100 Bayview Circle Newport Beach CA
Mason Wells,411 East Wisconsin Avenue,Milwaukee,WI,PE Firm,411 East Wisconsin Avenue Milwaukee WI
Massachusetts Capital Resource Company,420 Boylston Street,Boston,MA,PE Firm,420 Boylston Street Boston MA
Massachusetts Clean Energy Center,63 Franklin Street,Boston,MA,PE Firm,63 Franklin Street Boston MA
Massachusetts Green Energy,"320 Washington Street, 4th Floor",Brookline,MA,PE Firm,"320 Washington Street, 4th Floor Brookline MA"
MassMutual Ventures,470 Atlantic Avenue,Boston,MA,PE Firm,470 Atlantic Avenue Boston MA
MassVentures,308 Congress Street,Boston,MA,PE Firm,308 Congress Street Boston MA
Masthead Venture Partners,55 Cambridge Parkway,Cambridge,MA,PE Firm,55 Cambridge Parkway Cambridge MA
Matadero Ventures,3000 Sand Hill Road,Menlo Park,CA,PE Firm,3000 Sand Hill Road Menlo Park CA
Matchstick Ventures,564 Saratoga Street S,St. Paul,MN,PE Firm,564 Saratoga Street S St. Paul MN
Material Impact Fund,950 Winter Street,Waltham,MA,PE Firm,950 Winter Street Waltham MA
Math Venture Partners,222 West Merchandise Mart Plaza,Chicago,IL,PE Firm,222 West Merchandise Mart Plaza Chicago IL
Maton Venture,1601 S. De Anza Blvd.,Cupertino,CA,PE Firm,1601 S. De Anza Blvd. Cupertino CA
Matrix Partners,101 Main Street,Cambridge,MA,PE Firm,101 Main Street Cambridge MA
Matter,421 Bryant Street,San Francisco,CA,PE Firm,421 Bryant Street San Francisco CA
Matthew Pritzker Company,233 S. Wacker Dr.,Chicago,IL,PE Firm,233 S. Wacker Dr. Chicago IL
Maumee Ventures,PO Box 119,Maumee,OH,PE Firm,PO Box 119 Maumee OH
Maven Ventures,3340 Hillview Ave,Palo Alto,CA,PE Firm,3340 Hillview Ave Palo Alto CA
Maverick Capital Ventures,1 Letterman Drive,San Francisco,CA,PE Firm,1 Letterman Drive San Francisco CA
Maveron,411 First Avenue South,Seattle,WA,PE Firm,411 First Avenue South Seattle WA
Mavor Lane,3811 Turtle Creek Blvd.,Dallas,TX,PE Firm,3811 Turtle Creek Blvd. Dallas TX
Max Ventures,73 Spring Street,New York,NY,PE Firm,73 Spring Street New York NY
Maxam Capital Corp.,1245-200 Granville St.,Vancouver,British Columbia,PE Firm,1245-200 Granville St. Vancouver British Columbia
Maxfield Capital,900 3rd Avenue,New York,NY,PE Firm,900 3rd Avenue New York NY
Maxim Partners,"105 E. 1st Street, Suite 203",Hinsdale,IL,PE Firm,"105 E. 1st Street, Suite 203 Hinsdale IL"
Maxim Ventures,160 Rio Robles,San Jose,CA,PE Firm,160 Rio Robles San Jose CA
May River Capital,20 North Wacker Drive,Chicago,IL,PE Firm,20 North Wacker Drive Chicago IL
Maybrook Capital Partners,433 N. Camden Dr. 6th Floor,Beverly Hills,CA,PE Firm,433 N. Camden Dr. 6th Floor Beverly Hills CA
Mayfield,2484 Sand Hill Road,Menlo Park,CA,PE Firm,2484 Sand Hill Road Menlo Park CA
Mayo Clinic Ventures,Minnesota BioBusiness Center - 4th Floor,Rochester,MN,PE Firm,Minnesota BioBusiness Center - 4th Floor Rochester MN
Mayport Venture Partners,50 North Laura Street,Jacksonville,FL,PE Firm,50 North Laura Street Jacksonville FL
MAYWIC Select Investments,312 Walnut Street,Cincinnati,OH,PE Firm,312 Walnut Street Cincinnati OH
MB Growth Partners,1444 Union Street,Manchester,NH,PE Firm,1444 Union Street Manchester NH
MB Venture Partners,17 West Pontotoc,Memphis,TN,PE Firm,17 West Pontotoc Memphis TN
MBF Healthcare Partners,121 Alhambra Plaza,Coral Gables,FL,PE Firm,121 Alhambra Plaza Coral Gables FL
MBHE Holdings,55 Adams Street,Denver,CO,PE Firm,55 Adams Street Denver CO
MC Asset Management Holdings,Three Landmark Square,Stamford,CT,PE Firm,Three Landmark Square Stamford CT
McCarthy Capital,"1601 Dodge Street, Suite 3800",Omaha,NE,PE Firm,"1601 Dodge Street, Suite 3800 Omaha NE"
McCune Capital,335 Madison Avenue,New York,NY,PE Firm,335 Madison Avenue New York NY
MCG Capital,1001 19th Street North,Arlington,VA,PE Firm,1001 19th Street North Arlington VA
MCG Global,300 Long Beach Boulevard,Stratford,CT,PE Firm,300 Long Beach Boulevard Stratford CT
McGowan Capital Group,"101 N. Main Ave., Ste. 325",Sioux Falls,SD,PE Firm,"101 N. Main Ave., Ste. 325 Sioux Falls SD"
McKenna Gale Capital,100 King Street West,Toronto,Ontario,PE Firm,100 King Street West Toronto Ontario
McKenna Management,1255 Sandalwood,Los Altos,CA,PE Firm,1255 Sandalwood Los Altos CA
McKesson Ventures,One Post Street,San Francisco,CA,PE Firm,One Post Street San Francisco CA
McKinley Technology Group,"106 South Walnut Street, Suite One",Bay City,MI,PE Firm,"106 South Walnut Street, Suite One Bay City MI"
McLarty Capital Partners,900 17th Street NW,Washington,DC,PE Firm,900 17th Street NW Washington DC
MCM Capital Partners,25201 Chagrin Boulevard,Beachwood,OH,PE Firm,25201 Chagrin Boulevard Beachwood OH
McNally Capital,190 South LaSalle Street,Chicago,IL,PE Firm,190 South LaSalle Street Chicago IL
McRock Capital,147 Liberty Street,Toronto,Ontario,PE Firm,147 Liberty Street Toronto Ontario
MD Sass Investors Services,1185 Avenue of the Americas,New York,NY,PE Firm,1185 Avenue of the Americas New York NY
MDB Capital Group,2425 Cedar Springs Road,Dallas,TX,PE Firm,2425 Cedar Springs Road Dallas TX
MDM Equity Partners,100 N. 20th Street,Philadelphia,PA,PE Firm,100 N. 20th Street Philadelphia PA
Meakem Becker Venture Capital,603 Beaver Street,Sewickley,PA,PE Firm,603 Beaver Street Sewickley PA
Med Opportunity Partners,75 Holly Hill Lane,Greenwich,CT,PE Firm,75 Holly Hill Lane Greenwich CT
Medallion Capital,"3000 W. County Rd. 42, Suite 301",Burnsville,MN,PE Firm,"3000 W. County Rd. 42, Suite 301 Burnsville MN"
MedCap Advisors,97 Winthrop Street,Cambridge,MA,PE Firm,97 Winthrop Street Cambridge MA
MedCare Investment Funds,3322 West End Avenue,Nashville,TN,PE Firm,3322 West End Avenue Nashville TN
MedEquity Capital,"16 Laurel Avenue, Suite 200",Wellesley,MA,PE Firm,"16 Laurel Avenue, Suite 200 Wellesley MA"
Media Development Investment Fund,Suite 801,New York,NY,PE Firm,Suite 801 New York NY
Medical Technology Venture Partners,"1700 4th Street, Suite 214",San Francisco,CA,PE Firm,"1700 4th Street, Suite 214 San Francisco CA"
MedImmune Ventures,One MedImmune Way,Gaithersburg,MD,PE Firm,One MedImmune Way Gaithersburg MD
Medina Capital,BAC Colonnade Office Towers,Coral Gables,FL,PE Firm,BAC Colonnade Office Towers Coral Gables FL
Mediphase Venture Partners,One Gateway Center,Newton,MA,PE Firm,One Gateway Center Newton MA
MediTech Partners,30 South Wacker Drive,Chicago,IL,PE Firm,30 South Wacker Drive Chicago IL
MedMen,8441 Warner Drive,Culver City,CA,PE Firm,8441 Warner Drive Culver City CA
MedScience Ventures,745 Atlantic Avenue,Boston,MA,PE Firm,745 Atlantic Avenue Boston MA
Medtronic Ventures,710 Medtronic Parkway,Minneapolis,MN,PE Firm,710 Medtronic Parkway Minneapolis MN
Medusa Capital Partners,7724 Girard,La Jolla,CA,PE Firm,7724 Girard La Jolla CA
MedVenture Associates,6200 Stoneridge Mall Road,Pleasanton,CA,PE Firm,6200 Stoneridge Mall Road Pleasanton CA
Meidlinger Partners,3711 Market Street,Philadelphia,PA,PE Firm,3711 Market Street Philadelphia PA
MemorialCare Innovation Fund,320 Golden Shore Avenue,Long Beach,CA,PE Firm,320 Golden Shore Avenue Long Beach CA
Mendota Group,Suite 302,Madison,WI,PE Firm,Suite 302 Madison WI
Menlo Ventures,2884 Sand Hill Rd,Menlo Park,CA,PE Firm,2884 Sand Hill Rd Menlo Park CA
MentorTech Ventures,University City Science Center,Philadelphia,PA,PE Firm,University City Science Center Philadelphia PA
Mercadyne Investments,515 116th AVE NE,Bellevue,WA,PE Firm,515 116th AVE NE Bellevue WA
Mercato Partners,2750 E. Cottonwood Parkway,Cottonwood Heights,UT,PE Firm,2750 E. Cottonwood Parkway Cottonwood Heights UT
Merck Global Health Innovation Fund,2000 Galloping Hill Road,Kenilworth,NJ,PE Firm,2000 Galloping Hill Road Kenilworth NJ
Mercury Capital Partners,726 Exchange Street,Buffalo,NY,PE Firm,726 Exchange Street Buffalo NY
Mercury Fund,One Greenway Plaza,Houston,TX,PE Firm,One Greenway Plaza Houston TX
Merian Ventures,1016 Lincoln Blvd. Room 212,San Francisco,CA,PE Firm,1016 Lincoln Blvd. Room 212 San Francisco CA
Merida Capital Partners,6720 B Rockledge Drive,Bethesda,MD,PE Firm,6720 B Rockledge Drive Bethesda MD
Meridian General Capital,46 E Peninsula Center,Rolling Hills Estates,CA,PE Firm,46 E Peninsula Center Rolling Hills Estates CA
Meridian OHC,"70 East 55th Street, 17th Floor",New York,NY,PE Firm,"70 East 55th Street, 17th Floor New York NY"
Meridian Street Capital,47 S Meridian Street,Indianapolis,IN,PE Firm,47 S Meridian Street Indianapolis IN
Meridional Equity,665 Beacon Street,Boston,MA,PE Firm,665 Beacon Street Boston MA
Merion,555 East Lancaster Avenue,Wayne,PA,PE Firm,555 East Lancaster Avenue Wayne PA
Merit Capital Partners,303 West Madison Street,Chicago,IL,PE Firm,303 West Madison Street Chicago IL
Merit Energy Partners,13727 Noel Road,Dallas,TX,PE Firm,13727 Noel Road Dallas TX
Meritage Funds,1530 Blake Street,Denver,CO,PE Firm,1530 Blake Street Denver CO
Meritech Capital Partners,245 Lytton Avenue,Palo Alto,CA,PE Firm,245 Lytton Avenue Palo Alto CA
Meriturn Partners,234 Fayetteville Street,Raleigh,NC,PE Firm,234 Fayetteville Street Raleigh NC
Meritus Kirchner Capital,362 Old Whitley Road,London,KY,PE Firm,362 Old Whitley Road London KY
Meriwether Capital Partners,"2001 NW 19th, Suite 103 B",Portland,OR,PE Firm,"2001 NW 19th, Suite 103 B Portland OR"
Merlin Nexus,424 West 33rd Street,New York,NY,PE Firm,424 West 33rd Street New York NY
Merrick Ventures,350 N. Orleans Street,Chicago,IL,PE Firm,350 N. Orleans Street Chicago IL
Merus Capital,505 Hamilton Avenue,Palo Alto,CA,PE Firm,505 Hamilton Avenue Palo Alto CA
Mesa Capital Partners,1700 Paseo de Peralta,Santa Fe,NM,PE Firm,1700 Paseo de Peralta Santa Fe NM
Mesa Verde Venture Partners,2550 Fifrth Avenue,San Diego,CA,PE Firm,2550 Fifrth Avenue San Diego CA
MESA+,85 Fifth Avenue,New York,NY,PE Firm,85 Fifth Avenue New York NY
Mesco,470 Main St,Ridgefield,CT,PE Firm,470 Main St Ridgefield CT
MetaBrand Capital,3775 Park Avenue,Edison,NJ,PE Firm,3775 Park Avenue Edison NJ
Metalmark Capital,1177 Avenue of the Americas,New York,NY,PE Firm,1177 Avenue of the Americas New York NY
Metapoint Partners,Three Centennial Drive,Peabody,MA,PE Firm,Three Centennial Drive Peabody MA
MetaProp NYC,18 West 21st Street,New York,NY,PE Firm,18 West 21st Street New York NY
Metropolitan Partners Group,70 East 55th Street,New York,NY,PE Firm,70 East 55th Street New York NY
Meyer Ventures,The General Motors Building,New York,NY,PE Firm,The General Motors Building New York NY
MezzCap Partners,1880 Century Park East,Los Angeles,CA,PE Firm,1880 Century Park East Los Angeles CA
MFG Partners,33rd Floor,New York,NY,PE Firm,33rd Floor New York NY
MGM Innova Capital,501 Brickel Key Drive,Miami,FL,PE Firm,501 Brickel Key Drive Miami FL
MHS Capital Partners,333 Bush Street,San Francisco,CA,PE Firm,333 Bush Street San Francisco CA
MI Ventures,373 Park Avenue South,New York,NY,PE Firm,373 Park Avenue South New York NY
MI-12 Ventures,415 Norway Street,York,PA,PE Firm,415 Norway Street York PA
Miami Innovation Fund,Brickell,Miami,FL,PE Firm,Brickell Miami FL
Michaelson Capital Partners,509 Madison Avenue,New York,NY,PE Firm,509 Madison Avenue New York NY
Michigan Angel Fund,201 South Division,Ann Arbor,MI,PE Firm,201 South Division Ann Arbor MI
Michigan Capital Advisors,39520 Woodward Avenue,Bloomfield Hills,MI,PE Firm,39520 Woodward Avenue Bloomfield Hills MI
Michigan Investment in New Technology Startups,"University of Michigan, 701 Tappan Ave",Ann Arbor,MI,PE Firm,"University of Michigan, 701 Tappan Ave Ann Arbor MI"
Micron Ventures,8000 S. Federal Way,Boise,ID,PE Firm,8000 S. Federal Way Boise ID
Microsoft Ventures,320 Westlake Avenue North,Seattle,WA,PE Firm,320 Westlake Avenue North Seattle WA
MicroVest,7315 Wisconsin Avenue,Bethesda,MD,PE Firm,7315 Wisconsin Avenue Bethesda MD
Mid Oaks Investments,750 Lake Cook Road,Buffalo Grove,IL,PE Firm,750 Lake Cook Road Buffalo Grove IL
Mid-MO Tech Accelerator,1601 S. Providence Rd.,Columbia,MO,PE Firm,1601 S. Providence Rd. Columbia MO
MidCap Equity Partners,"1556 Third Avenue, Suite 410",New York,NY,PE Firm,"1556 Third Avenue, Suite 410 New York NY"
MidCoast Capital,259 Radnor Chester Road,Radnor,PA,PE Firm,259 Radnor Chester Road Radnor PA
Middle Bridge Partners,1717 K Street NW Suite 900,Washington,DC,PE Firm,1717 K Street NW Suite 900 Washington DC
Middleburg Capital Development,Liberty House,Middleburg,VA,PE Firm,Liberty House Middleburg VA
Middleland Capital,1100 Vermont Ave NW,Washington,DC,PE Firm,1100 Vermont Ave NW Washington DC
Middlemarch Private Capital,"125 Park Avenue, Suite 1700",New York,NY,PE Firm,"125 Park Avenue, Suite 1700 New York NY"
Midmark Capital,177 Madison Avenue,Morristown,NJ,PE Firm,177 Madison Avenue Morristown NJ
MidOcean Partners,320 Park Avenue,New York,NY,PE Firm,320 Park Avenue New York NY
MidStates Capital,9401 Indian Creek Parkway,Kansas City,MO,PE Firm,9401 Indian Creek Parkway Kansas City MO
Midwest Growth Advisors,7049 Vista Drive,West Des Moines,IA,PE Firm,7049 Vista Drive West Des Moines IA
Midwest Mezzanine Funds,55 West Monroe Street,Chicago,IL,PE Firm,55 West Monroe Street Chicago IL
Milestone Growth Fund,250 Second Avenue South,Minneapolis,MN,PE Firm,250 Second Avenue South Minneapolis MN
Milestone Partners,555 East Lancaster Ave.,Radnor,PA,PE Firm,555 East Lancaster Ave. Radnor PA
Milestone Venture Partners,551 Madison Avenue,New York,NY,PE Firm,551 Madison Avenue New York NY
Militello Capital,19455 Deerfield Avenue,Leesburg,VA,PE Firm,19455 Deerfield Avenue Leesburg VA
Mill City Capital,50 South Sixth Street,Minneapolis,MN,PE Firm,50 South Sixth Street Minneapolis MN
Mill Road Capital,"382 Greenwich Avenue, Suite One",Greenwich,CT,PE Firm,"382 Greenwich Avenue, Suite One Greenwich CT"
Millbrook Capital Management,570 Lexington Avenue,New York,NY,PE Firm,570 Lexington Avenue New York NY
Millennial Venturing,4040 Civic Center Drive,San Rafael,CA,PE Firm,4040 Civic Center Drive San Rafael CA
Millennium Technology Ventures,32 Avenue of the Americas,New York,NY,PE Firm,32 Avenue of the Americas New York NY
Millennium Ventures,303 Wyman Street,Waltham,MA,PE Firm,303 Wyman Street Waltham MA
Miller Group,7025 North Scottsdale Road,Scottsdale,AZ,PE Firm,7025 North Scottsdale Road Scottsdale AZ
Miller Investment Management,One Tower Bridge,West Conshohocken,PA,PE Firm,One Tower Bridge West Conshohocken PA
Milliways Ventures,101 University Avenue 245,Palo Alto,CA,PE Firm,101 University Avenue 245 Palo Alto CA
Millpond Equity Partners,225 NE Mizner Boulevard,Boca Raton,FL,PE Firm,225 NE Mizner Boulevard Boca Raton FL
Millstein Capital,1717 Pennsylvania Ave. NW,Washington,DC,PE Firm,1717 Pennsylvania Ave. NW Washington DC
"Milost Global, Inc",48 Wall Street,New York,NY,PE Firm,48 Wall Street New York NY
Mimosa Tree Capital Partners,301 East 3rd Street,Tulsa,OK,PE Firm,301 East 3rd Street Tulsa OK
MindShare Ventures Group,30 Wall Street,New York,NY,PE Firm,30 Wall Street New York NY
Mindworks Ventures,89 Nexus Way,Grand Cayman,,PE Firm,89 Nexus Way Grand Cayman
Minella Capital Management,9864 Brassie Bend,Naples,FL,PE Firm,9864 Brassie Bend Naples FL
Mink Capital,120 Adelaide Street West,Toronto,Ontario,PE Firm,120 Adelaide Street West Toronto Ontario
Miralta Capital,51 York Street,Westmount,Quebec,PE Firm,51 York Street Westmount Quebec
Miramar Venture Partners,2101 E. Coast Highway,Corona del Mar,CA,PE Firm,2101 E. Coast Highway Corona del Mar CA
Mission Bay Capital,953 Indiana Street,San Francisco,CA,PE Firm,953 Indiana Street San Francisco CA
Mission Ventures,9255 Towne Center Drive,San Diego,CA,PE Firm,9255 Towne Center Drive San Diego CA
MissionOG,1760 Market Street,Philadelphia,PA,PE Firm,1760 Market Street Philadelphia PA
MissionPoint Capital Partners,1135 Post Road East,Westport,CT,PE Firm,1135 Post Road East Westport CT
Mistral Equity Partners,650 Fifth Avenue,New York,NY,PE Firm,650 Fifth Avenue New York NY
Mistral Venture Partners,100-80 Aberdeen St,Ottawa,Ontario,PE Firm,100-80 Aberdeen St Ottawa Ontario
Mithril Capital Management,1 Letterman Drive 4900,San Francisco,CA,PE Firm,1 Letterman Drive 4900 San Francisco CA
Mitsui & Co Global Investment,535 Middlefield Road,Menlo Park,CA,PE Firm,535 Middlefield Road Menlo Park CA
MK Capital,40 Skokie Blvd,Northbrook,IL,PE Firm,40 Skokie Blvd Northbrook IL
MMG Ventures,826 E. Baltimore Street,Baltimore,MD,PE Firm,826 E. Baltimore Street Baltimore MD
MMV Capital Partners,370 King Street West,Toronto,Ontario,PE Firm,370 King Street West Toronto Ontario
MNML Ventures,939 W Lake Street,Chicago,IL,PE Firm,939 W Lake Street Chicago IL
Mobility Ventures,16475 Dallas Parkway,Addison,TX,PE Firm,16475 Dallas Parkway Addison TX
Mobius Venture Capital,"1050 Walnut Street, Suite 210",Boulder,CO,PE Firm,"1050 Walnut Street, Suite 210 Boulder CO"
Moderne Ventures,400 North Michigan Avenue,Chicago,IL,PE Firm,400 North Michigan Avenue Chicago IL
Mohr Davidow Ventures,777 Mariners Island Blvd.,San Mateo,CA,PE Firm,777 Mariners Island Blvd. San Mateo CA
Moment Ventures,385 Homer Ave.,Palo Alto,CA,PE Firm,385 Homer Ave. Palo Alto CA
Momentum Capital Partners,1227 W. Magnolia Avenue,Fort Worth,TX,PE Firm,1227 W. Magnolia Avenue Fort Worth TX
Momentum Equity Partners,260 Franklin Street,Boston,MA,PE Firm,260 Franklin Street Boston MA
Momentum Venture Management,2400 N. Lincoln Avenue,Altadena,CA,PE Firm,2400 N. Lincoln Avenue Altadena CA
Monet Capital,2450 Kruse Dr.,San Jose,CA,PE Firm,2450 Kruse Dr. San Jose CA
Moneta Ventures,785 Orchard Dr,Folsom,CA,PE Firm,785 Orchard Dr Folsom CA
Moneytime Ventures,PO Box 309,Grand Cayman,,PE Firm,PO Box 309 Grand Cayman
Monhegan Partners,152 Rowayton Avenue,Rowayton,CT,PE Firm,152 Rowayton Avenue Rowayton CT
Monitor Clipper Partners,"116 Huntington Avenue, 9th Floor",Boston,MA,PE Firm,"116 Huntington Avenue, 9th Floor Boston MA"
Monitor Ventures,5050 El Camino Real,Los Altos,CA,PE Firm,5050 El Camino Real Los Altos CA
Monnsoon,"2 St. Clair Ave West, Suite 2100",Toronto,Ontario,PE Firm,"2 St. Clair Ave West, Suite 2100 Toronto Ontario"
Monogram Capital Partners,8383 Wilshire Blvd.,Beverly Hills,CA,PE Firm,8383 Wilshire Blvd. Beverly Hills CA
Monomoy Capital Partners,142 West 57th Street,New York,NY,PE Firm,142 West 57th Street New York NY
Monsanto Growth Ventures,44 Montgomery Street,San Francisco,CA,PE Firm,44 Montgomery Street San Francisco CA
Monstro Ventures,201 1721 Broadway,Oakland,CA,PE Firm,201 1721 Broadway Oakland CA
Monta Vista Capital,415 Oakmead Pkwy,Sunnyvale,CA,PE Firm,415 Oakmead Pkwy Sunnyvale CA
Montage Capital,900 E. Hamilton Ave.,Campbell,CA,PE Firm,900 E. Hamilton Ave. Campbell CA
Montage Partners,7150 East Camelback Road,Scottsdale,AZ,PE Firm,7150 East Camelback Road Scottsdale AZ
Montage Ventures,364 University Avenue,Palo Alto,CA,PE Firm,364 University Avenue Palo Alto CA
Montgomery & Co.,725 Arizona Avenue 304,Santa Monica,CA,PE Firm,725 Arizona Avenue 304 Santa Monica CA
"Montgomery, Shelton & Company",560 Green Bay Road,Winnetka,IL,PE Firm,560 Green Bay Road Winnetka IL
Montis Capital,1330 Songbird Court,Boulder,CO,PE Firm,1330 Songbird Court Boulder CO
Montlake Capital,1200 Fifth Avenue,Seattle,WA,PE Firm,1200 Fifth Avenue Seattle WA
Montreux Equity Partners,One Ferry Building,San Francisco,CA,PE Firm,One Ferry Building San Francisco CA
Moonrise Venture Partners,404 N. Maple Avenue,Greenwich,CT,PE Firm,404 N. Maple Avenue Greenwich CT
Morado Ventures,2455B Portage Ave.,Palo Alto,CA,PE Firm,2455B Portage Ave. Palo Alto CA
Morgan Noble,"2445 M St, NW",Washington,DC,PE Firm,"2445 M St, NW Washington DC"
Morgan Rio Capital Management,135 East 57th Street,New York,NY,PE Firm,135 East 57th Street New York NY
Morgan Stanley Credit Partners,1585 Broadway,New York,NY,PE Firm,1585 Broadway New York NY
Morgan Stanley Energy Partners,1585 Broadway,New York,NY,PE Firm,1585 Broadway New York NY
Morgan Stanley Expansion Capital,1585 Broadway,New York,NY,PE Firm,1585 Broadway New York NY
Morgan Stanley Global Private Equity,1585 Broadway,New York,NY,PE Firm,1585 Broadway New York NY
Morgenthaler Ventures,Fifth Third Center,Cleveland,OH,PE Firm,Fifth Third Center Cleveland OH
Morgenthau Venture Partners,6700 N Andrews Ave 210,Fort Lauderdale,FL,PE Firm,6700 N Andrews Ave 210 Fort Lauderdale FL
Moriah Partners,111 W. Ocean Blvd,Long Beach,CA,PE Firm,111 W. Ocean Blvd Long Beach CA
Morningside Private Investors,425 Main Street,Ridgefield,CT,PE Firm,425 Main Street Ridgefield CT
Morse Energy Capital,410 17th Street,Denver,CO,PE Firm,410 17th Street Denver CO
Mosaic Capital Corporation,"400, 2424 – 4th Street SW",Calgary,Alberta,PE Firm,"400, 2424 – 4th Street SW Calgary Alberta"
Mosaic Capital Partners,101 S. Tryon Street,Charlotte,NC,PE Firm,101 S. Tryon Street Charlotte NC
Mosaic Health Solutions,305 North Pettigrew Street,Durham,NC,PE Firm,305 North Pettigrew Street Durham NC
Mosaik Partners,555 California Street 18th Floor,San Francisco,CA,PE Firm,555 California Street 18th Floor San Francisco CA
Mosaix Ventures,1822 North Mohawk Street,Chicago,IL,PE Firm,1822 North Mohawk Street Chicago IL
Mosley Ventures,75 Fifth Street NW,Atlanta,GA,PE Firm,75 Fifth Street NW Atlanta GA
Motiv Partners,54 Thompson Street,New York,NY,PE Firm,54 Thompson Street New York NY
Motive Partners,401 Broadway,New York,NY,PE Firm,401 Broadway New York NY
Motivity Capital Partners,5605 North MacArthur Blvd 10th Floor,Irving,TX,PE Firm,5605 North MacArthur Blvd 10th Floor Irving TX
Motorola Solutions Venture Capital,500 W. Monroe Street,Chicago,IL,PE Firm,500 W. Monroe Street Chicago IL
Motus Ventures,"541 Jefferson Ave, Suite 100",Redwood City,CA,PE Firm,"541 Jefferson Ave, Suite 100 Redwood City CA"
Mount Kellett Capital Management,1345 Avenue of the Americas,New York,NY,PE Firm,1345 Avenue of the Americas New York NY
Mount Royal Ventures,26 Brickston Drive,Pittsford,NY,PE Firm,26 Brickston Drive Pittsford NY
Mountain Capital Management,811 Louisiana Street,Houston,TX,PE Firm,811 Louisiana Street Houston TX
Mountain Group Capital,3835 Cleghorn Ave.,Nashville,TN,PE Firm,3835 Cleghorn Ave. Nashville TN
Mountain Ventures,362 Old Whitley Road,London,KY,PE Firm,362 Old Whitley Road London KY
Mountaineer Capital,107 Capitol Street,Charleston,WV,PE Firm,107 Capitol Street Charleston WV
Mountaingate Capital,1800 Larimer Street,Denver,CO,PE Firm,1800 Larimer Street Denver CO
MP Healthcare Venture Management,33 Arch Street,Boston,MA,PE Firm,33 Arch Street Boston MA
MPE Partners,Fifth Third Center,Cleveland,OH,PE Firm,Fifth Third Center Cleveland OH
MPG Equity Partners,"17 East Monroe Street, 219",Chicago,IL,PE Firm,"17 East Monroe Street, 219 Chicago IL"
MPK Equity Partners,3000 Turtle Creek Boulevard,Dallas,TX,PE Firm,3000 Turtle Creek Boulevard Dallas TX
MPM Capital,450 Kendall Street,Cambridge,MA,PE Firm,450 Kendall Street Cambridge MA
MR Investment Partners,"845 Third Avenue, 6th Floor",New York,NY,PE Firm,"845 Third Avenue, 6th Floor New York NY"
MSD Capital,645 Fifth Avenue,New York,NY,PE Firm,645 Fifth Avenue New York NY
MSouth Equity Partners,"Two Buckhead Plaza, 3050 Peachtree Road",Atlanta,GA,PE Firm,"Two Buckhead Plaza, 3050 Peachtree Road Atlanta GA"
MTN Capital Partners,489 Fifth Avenue,New York,NY,PE Firm,489 Fifth Avenue New York NY
MTS Health Investors,623 Fifth Avenue,New York,NY,PE Firm,623 Fifth Avenue New York NY
Mucker Capital,202 Bicknell Avenue,Santa Monica,CA,PE Firm,202 Bicknell Avenue Santa Monica CA
Muirlands Capital,1260 Inspiration Drive,La Jolla,CA,PE Firm,1260 Inspiration Drive La Jolla CA
Muller & Monroe Asset Management,180 North Stetson Avenue,Chicago,IL,PE Firm,180 North Stetson Avenue Chicago IL
Multiplier Capital,2 Wisconsin Circle,Chevy Chase,MD,PE Firm,2 Wisconsin Circle Chevy Chase MD
Murex Investments,4700 Wissahickon Ave,Philadelphia,PA,PE Firm,4700 Wissahickon Ave Philadelphia PA
Murphree Venture Partners,1221 Larnar,Houston,TX,PE Firm,1221 Larnar Houston TX
Murphy & Partners,708 Third Avenue,New York,NY,PE Firm,708 Third Avenue New York NY
Mustang Group,339 Auburn Street,Newton,MA,PE Firm,339 Auburn Street Newton MA
Mutual Capital Partners,1290 Bassett Road,Westlake,OH,PE Firm,1290 Bassett Road Westlake OH